{
  "memory_reduction": 16.026563804523718,
  "original_mb": 8192.0,
  "compressed_mb": 511.1513671875,
  "throughput_gain": 2.0869565217391304,
  "ttft_delta_ms": -90.0,
  "tpot_delta_ms": -9.0,
  "compression_ratio": 16.026563804523718
}