{
  "memory_reduction": 4.04230368009943,
  "original_mb": 12800.0,
  "compressed_mb": 3166.51123046875,
  "throughput_gain": 2.0869565217391304,
  "ttft_delta_ms": -90.0,
  "tpot_delta_ms": -9.0,
  "compression_ratio": 4.04230368009943
}