{
  "memory_reduction": 4.014606979894345,
  "original_mb": 12800.0,
  "compressed_mb": 3188.35693359375,
  "throughput_gain": 1.826086956521739,
  "ttft_delta_ms": -80.0,
  "tpot_delta_ms": -7.5,
  "compression_ratio": 4.014606979894345
}