{
  "key_mse": 0.5007538199424744,
  "value_mse": 0.5111669898033142,
  "key_cosine": 0.7090119123458862,
  "value_cosine": 0.7018192410469055,
  "key_cosine_selected": 0.9971359372138977,
  "value_cosine_selected": 0.9871434569358826,
  "attention_coverage": 0.5823794275522232,
  "selected_fraction": 0.5021484375,
  "high_precision_fraction": 0.3198779657720731,
  "config": "hybrid_6x.yaml",
  "cache_path": "artifacts/cache/prefill_cache.pt",
  "attention_path": "artifacts/attn/prefill_attn.pt"
}