{
  "memory_reduction": 1.1305188311810828,
  "original_mb": 8192.0,
  "compressed_mb": 7246.23046875,
  "throughput_gain": 1.0,
  "ttft_delta_ms": 0.0,
  "tpot_delta_ms": 0.0,
  "compression_ratio": 1.1305188311810828
}