{
  "memory_reduction": 31.37765918980587,
  "original_mb": 49152.0,
  "compressed_mb": 1566.46484375,
  "throughput_gain": 3.111111111111111,
  "ttft_delta_ms": -160.0,
  "tpot_delta_ms": -14.0,
  "compression_ratio": 31.37765918980587
}